a more immediate mystery	a more immediate mystery	in the present	in the present	a whole segment	the human story	the recording industry
a more immediate mystery	a more immediate mystery	in the present	in the present	of painting this family dynamic for the audience	of addressing a complex situation	in its own right
the wonder and menace	the wonder and menace	of growing up	of growing up	the normal divisions	the wistful everyday ironies	the usual portrayals
the wonder and menace	the wonder and menace	of growing up	of growing up	of the piece	of the narratives	of cultures and generations
her son 's discovery	her son's discovery	of his homosexuality	of his homosexuality	a fair amount	an action movie	the casting call
her son 's discovery	her son's discovery	of his homosexuality	of his homosexuality	of cultures and generations	of this true story	of both those words
a very good time	a very good time	at the cinema	at the cinema	a visually masterful work	a great actress	the funniest jokes
a very good time	a very good time	at the cinema	at the cinema	of the plot	of a sequel	of this sort
The most offensive thing	the most offensive thing	about the movie	about the movie	an unsettled feeling	a growing strain	the harsh reality
The most offensive thing	the most offensive thing	about the movie	about the movie	of decadent urbanity	in recent memory	of the film's city beginnings
the humor and intelligence	the humor and intelligence	of the script	of the script	the kind of genuine depth	a great ending	an admirable reconstruction
the humor and intelligence	the humor and intelligence	of the script	of the script	of a particular theatrical family	by all of the actors	of this calibre
the ins and outs	the ins and outs	of modern moviemaking	of modern moviemaking	the very concept	all the moments	the central performers
the ins and outs	the ins and outs	of modern moviemaking	of modern moviemaking	of growing up	of his characters	of character and mood
the very basic dictums	the very basic dictums	of human decency	of human decency	a slightly anarchic approach	its formidable arithmetic	this silly little puddle
the very basic dictums	the very basic dictums	of human decency	of human decency	of neighborhood values	of wit and dignity	of the modern male
A deliciously nonsensical comedy	a deliciously nonsensical comedy	about a city	about a city	the best sports movie	a genuinely honest moment	a moving experience
A deliciously nonsensical comedy	a deliciously nonsensical comedy	about a city	about a city	of tabloid journalism	of cell phones	of office politics
the integrity and vision	the integrity and vision	of the band	of the band	the intelligent romantic comedy	this unique and entertaining twist	the kind of genuine depth
the integrity and vision	the integrity and vision	of the band	of the band	of its characters' lives	of most contemporary comedies	of coherent dialogue
all the outward elements	all the outward elements	of the original	of the original	the performances of the young players	the complicated relationships	all the pieces
all the outward elements	all the outward elements	of the original	of the original	of black comedy	of her friendship	of its raw blues soundtrack
the most undeserving victim	the most undeserving victim	of critical overkill	of critical overkill	the movie's sophomoric blend	a deliberately unsteady mixture	a no-surprise series
the most undeserving victim	the most undeserving victim	of critical overkill	of critical overkill	of grief and loss	of a script in need of polishing	of continuity errors
The movie 's messages	the movie's messages	are quite admirable	are quite admirable	the additional storylines	all the performances	subjects like this
The movie 's messages	the movie's messages	are quite admirable	are quite admirable	are honestly affecting	were poetically romantic and full of indelible images	are well told
the meaning and consolation	the meaning and consolation	in afterlife communications	in afterlife communications	the moral dilemma	the entire point	the cultural and moral issues
the meaning and consolation	the meaning and consolation	in afterlife communications	in afterlife communications	of my situation	of the film	of magic and mischief
a nearly terminal case	a nearly terminal case	of the cutes	of the cutes	an unsettled feeling	his problematic quest	the endless pratfalls
a nearly terminal case	a nearly terminal case	of the cutes	of the cutes	of its energy	of good kids and bad seeds	of the entire effort
The film 's plot	the film's plot	may be shallow	may be shallow	the filmed reading	the script's potential	the actresses in the lead roles
The film 's plot	the film's plot	may be shallow	may be shallow	is pretty cheesy	makes a lick of sense	does not live up to its style
this silly little puddle	this silly little puddle	of a movie	of a movie	the thin soup	a besotted and obvious drama	the hollow state
this silly little puddle	this silly little puddle	of a movie	of a movie	of the bard's tragic play	of this trifle	of the artist's career
a sudden lunch rush	a sudden lunch rush	at the diner	at the diner	a friendly kick	the best thing	the synergistic impulse
a sudden lunch rush	a sudden lunch rush	at the diner	at the diner	in their movie	for its fiftysomething leading ladies	at the door
a genuinely honest moment	a genuinely honest moment	in their movie	in their movie	a moving experience	this unique and entertaining twist	the upbeat ending
a genuinely honest moment	a genuinely honest moment	in their movie	in their movie	of the directing world	of the piece	of manual animation
another regurgitated action movie	another regurgitated action movie	you 're after	you're after	the same illogical things	a cold blanket	something creepy and vague
another regurgitated action movie	another regurgitated action movie	you 're after	you're after	we can make	that should move quickly	that works only sporadically
much of the writing	much of the writing	is genuinely witty	is genuinely witty	the vast majority	the central performer	the film's message
much of the writing	much of the writing	is genuinely witty	is genuinely witty	is universal and involving	was actually surprising	should inspire reaction in its audience
the beauty and power	the beauty and power	of the opera	of the opera	beautifully detailed performances	this wonderful portrait	a visual treat
the beauty and power	the beauty and power	of the opera	of the opera	of the narratives	of a movie	of pop-music history
the respected critical community	the respected critical community	in this country	in this country	an honesty and dignity	the ultimate mysteries	a snappy screenplay
the respected critical community	the respected critical community	in this country	in this country	of characters and angles	of emotional heft	from a large group of your relatives
the physically spectacular qualities	the physically spectacular qualities	of the film	of the film	the humor and intelligence	the real charm	the rich promise of the script
the physically spectacular qualities	the physically spectacular qualities	of the film	of the film	of this sort	of popular culture	of his characters
his own idiosyncratic strain	his own idiosyncratic strain	of kitschy goodwill	of kitschy goodwill	a common tenet	his problematic quest	a crash course
his own idiosyncratic strain	his own idiosyncratic strain	of kitschy goodwill	of kitschy goodwill	of good kids and bad seeds	of character and mood	of urban kids
a high water mark	a high water mark	for this genre	for this genre	a neat little story	a strangely tempting bouquet	a convincing impersonation
a high water mark	a high water mark	for this genre	for this genre	of cultures and generations	of growing up	of this ancient holistic healing system
a barely adequate babysitter	a barely adequate babysitter	for older kids	for older kids	the predictable plot	an unwieldy cast	a cruel story
a barely adequate babysitter	a barely adequate babysitter	for older kids	for older kids	for the general public	for the audience	for this genre
A violent initiation rite	a violent initiation rite	for the audience	for the audience	a children's film	a plot twist	the heroes of horror movies
A violent initiation rite	a violent initiation rite	for the audience	for the audience	toward its subject	of this ancient holistic healing system	of cat and mouse
the vast collective memory	the vast collective memory	of the combatants	of the combatants	all the mounting tension	almost every relationship and personality	an original treatment
the vast collective memory	the vast collective memory	of the combatants	of the combatants	of your date	of their work	of characters and angles
a very original artist	a very original artist	in his medium	in his medium	a compelling portrait	a wonderful subject	a very ambitious project
a very original artist	a very original artist	in his medium	in his medium	to the romantic comedy genre	in a college history course	of the country
an especially poignant portrait	an especially poignant portrait	of her friendship	of her friendship	the richness of characterization	the ultimate mysteries	every emotional device
an especially poignant portrait	an especially poignant portrait	of her friendship	of her friendship	of the film's past	of belly dancing	of the directing world
a pointed little chiller	a pointed little chiller	about the frightening seductiveness of new technology	about the frightening seductiveness of new technology	a pleasant enough romance	a neat little story	elaborate futuristic sets
a pointed little chiller	a pointed little chiller	about the frightening seductiveness of new technology	about the frightening seductiveness of new technology	of the generation gap	about coming to terms with death	of serial killers
a real human soul	a real human soul	buried beneath a spellbinding serpent 's smirk	buried beneath a spellbinding serpent's smirk	the humor and humanity	some nice chills	a fairly irresistible package
a real human soul	a real human soul	buried beneath a spellbinding serpent 's smirk	buried beneath a spellbinding serpent's smirk	trying to finish a race	can justify evil means	can certainly not be emphasized enough
everyone involved with moviemaking	everyone involved with moviemaking	is a con artist and a liar	is a con artist and a liar	the actor	the whole segment	the ghost story
everyone involved with moviemaking	everyone involved with moviemaking	is a con artist and a liar	is a con artist and a liar	is ultimately held back from being something greater	will be gored	isn't the least bit mesmerizing
the film 's story	the film's story	does not live up to its style	does not live up to its style	an opera movie	an action film	the last scene
the film 's story	the film's story	does not live up to its style	does not live up to its style	may not satisfy every moviegoer's appetite	doesn't work in a modern context	seems contrived and secondhand
the full visceral impact	the full visceral impact	of a ruthless army on the warpath	of a ruthless army on the warpath	a cinematic postcard	a serious exploration	a wild ride
the full visceral impact	the full visceral impact	of a ruthless army on the warpath	of a ruthless army on the warpath	of preaching to the converted	of its chilly predecessor	of the absurd
the characters ' moves	the characters' moves	are often more predictable than their consequences	are often more predictable than their consequences	the animation and backdrops	so many titans	the multiple stories
the characters ' moves	the characters' moves	are often more predictable than their consequences	are often more predictable than their consequences	don't quite fit	are no picnic	don't live up to material
such a good design	such a good design	turns out to be a cheap knockoff	turns out to be a cheap knockoff	the most enchanting film	this quality band	the top actor
such a good design	such a good design	turns out to be a cheap knockoff	turns out to be a cheap knockoff	is a lame kiddie flick	doesn't live up to material	may be shallow
this unique and entertaining twist	this unique and entertaining twist	on the classic whale 's tale	on the classic whale's tale	an exhilarating exploration	a fascinating study	an engrossing thriller
this unique and entertaining twist	this unique and entertaining twist	on the classic whale 's tale	on the classic whale's tale	of comedy and romance	of this calibre	of this movie
the wit and revolutionary spirit	the wit and revolutionary spirit	of these performers and their era	of these performers and their era	all the enjoyable randomness	the extravagant confidence	the kind of genuine depth
the wit and revolutionary spirit	the wit and revolutionary spirit	of these performers and their era	of these performers and their era	of their own pasts	of its subjects	of music videos
The modern master of the chase sequence	the modern master of the chase sequence	returns with a chase to end all chases	returns with a chase to end all chases	the great mind	a nice little story	a powerful political message
The modern master of the chase sequence	the modern master of the chase sequence	returns with a chase to end all chases	returns with a chase to end all chases	was actually surprising	is very original	makes it strangely magnetic
the visuals and eccentricities	the visuals and eccentricities	of many of the characters	of many of the characters	the playful paranoia	the intelligence or sincerity	the complicated relationships
the visuals and eccentricities	the visuals and eccentricities	of many of the characters	of many of the characters	of any movie	of children's television	of modern times
just a simple fable	just a simple fable	done in an artless style	done in an artless style	the multiple stories	a sudsy tub	a chase flick
just a simple fable	just a simple fable	done in an artless style	done in an artless style	buried beneath a spellbinding serpent's smirk	to come out in weeks	hidden in the film's thick shadows
a pretty convincing performance	a pretty convincing performance	as a prissy teenage girl	as a prissy teenage girl	the cozy feeling	a compelling slice	a compelling portrait
a pretty convincing performance	a pretty convincing performance	as a prissy teenage girl	as a prissy teenage girl	of emotional blandness	of grief and loss	of hollow despair
the humor and humanity	the humor and humanity	that root it in feeling	that root it in feeling	significant character studies	the momentary joys	the movie's quiet affirmations
the humor and humanity	the humor and humanity	that root it in feeling	that root it in feeling	that can be said of the picture	that's opened between them	that tend to characterize puberty
A literary detective story	a literary detective story	is still a detective story	is still a detective story	the film's story	an opera movie	an action movie
A literary detective story	a literary detective story	is still a detective story	is still a detective story	is pushed to one side	is in the works	is going to show up soon
The author 's devotees	the author's devotees	will probably find it fascinating	will probably find it fascinating	the rest of the cast	the kids in the house	introverted young men
The author 's devotees	the author's devotees	will probably find it fascinating	will probably find it fascinating	are quite admirable	will be in warthog heaven	are top notch
a compelling dramatic means	a compelling dramatic means	of addressing a complex situation	of addressing a complex situation	a thoughtful and unflinching examination	an original treatment	the shocking conclusion
a compelling dramatic means	a compelling dramatic means	of addressing a complex situation	of addressing a complex situation	of adapting to loss	of coherent dialogue	of pretty and weightless intellectual entertainment
The issue of faith	the issue of faith	is not explored very deeply	is not explored very deeply	the addition of a biblical message	the testimony of witnesses	just the vampire
The issue of faith	the issue of faith	is not explored very deeply	is not explored very deeply	feels absolutely deja vu	is so graphically excessive	may be overstating it
all of its ideas	all of its ideas	remain just that : abstract ideas	remain just that: abstract ideas	the real stars	the earnest tries	the otherwise compelling directors
all of its ideas	all of its ideas	remain just that : abstract ideas	remain just that: abstract ideas	are a little peculiar	are too grave for youngsters	seem like mere splashing around in the muck
the usual portrayals	the usual portrayals	of good kids and bad seeds	of good kids and bad seeds	the film's story	the mere suggestion	the videogame series
the usual portrayals	the usual portrayals	of good kids and bad seeds	of good kids and bad seeds	of growing up	of pop-music history	of her friendship
a haunting dramatization	a haunting dramatization	of a couple 's moral ascension	of a couple's moral ascension	all the depth	the ultimate mysteries	the vertiginous perspectives
a haunting dramatization	a haunting dramatization	of a couple 's moral ascension	of a couple's moral ascension	of human power	of neighborhood values	of love and humility
this novelistic story	this novelistic story	of entangled interrelationships and complex morality	of entangled interrelationships and complex morality	its weighty themes	the overall feel	the meaning and consolation
this novelistic story	this novelistic story	of entangled interrelationships and complex morality	of entangled interrelationships and complex morality	of considerable force and truth	about never giving up on a loved one	of true sophistication
a delicate balance	a delicate balance	of romantic innocence and philosophical depth	of romantic innocence and philosophical depth	the synergistic impulse	the fleeting joys	the real story
a delicate balance	a delicate balance	of romantic innocence and philosophical depth	of romantic innocence and philosophical depth	of intelligence and wit	of wit and dignity	of human power
the main character	the main character	travels back and forth between epochs	travels back and forth between epochs	the crazy thing	the new film	the young whippersnapper
the main character	the main character	travels back and forth between epochs	travels back and forth between epochs	is pushed to one side	is just what you get	armed with nothing but a camera
their screen rapport	their screen rapport	makes the old story seem new	makes the old story seem new	the classic drama	the intricate preciseness	a throwback war movie
their screen rapport	their screen rapport	makes the old story seem new	makes the old story seem new	is well done	is meaningful or memorable	is genial and decent
the momentary joys	the momentary joys	of pretty and weightless intellectual entertainment	of pretty and weightless intellectual entertainment	a supremely kittenish performance	the movie's quiet affirmation	the fierce grandeur
the momentary joys	the momentary joys	of pretty and weightless intellectual entertainment	of pretty and weightless intellectual entertainment	of charisma and menace	of love and jealousy and sacrifice	of adapting to loss
the inner rhythms	the inner rhythms	of love and jealousy and sacrifice	of love and jealousy and sacrifice	the universal theme	a delicate balance	the overall feeling
the inner rhythms	the inner rhythms	of love and jealousy and sacrifice	of love and jealousy and sacrifice	of pretty and weightless intellectual entertainment	of the real deal	of the victorious revolutionaries
an independent film	an independent film	of satiric fire and emotional turmoil	of satiric fire and emotional turmoil	a seriously intended movie	a sleek advert	a serious drama
an independent film	an independent film	of satiric fire and emotional turmoil	of satiric fire and emotional turmoil	of human decency	of brotherly conflict and reconciliation	of the real deal
only a document	only a document	of the worst possibilities of mankind	of the worst possibilities of mankind	an almost visceral sense	the kind of movie	the film's plot
only a document	only a document	of the worst possibilities of mankind	of the worst possibilities of mankind	of inexcusable dumb innocence	of emotional blandness	of critical overkill
the shocking conclusion	the shocking conclusion	is too much of a plunge	is too much of a plunge	its sensitive handling	this seductive tease	the romantic urgency
the shocking conclusion	the shocking conclusion	is too much of a plunge	is too much of a plunge	makes piecing the story together frustrating difficult	makes a lick of sense	doesn't quite fit
Oscar caliber cast	Oscar caliber cast	does n't live up to material	doesn't live up to material	a promising young lad	the best espionage picture	a good video game movie
Oscar caliber cast	Oscar caliber cast	does n't live up to material	doesn't live up to material	can also seem tedious	turns out to be a cheap knockoff	doesn't quite fit
a marching band	a marching band	that gets me where I live	that gets me where I live	the filmed reading	a blind man	an opera movie
a marching band	a marching band	that gets me where I live	that gets me where I live	that earns its moments of pathos	that tries to tell of the unspeakable	that revels in its own simplicity
perfect black pearls	perfect black pearls	clicking together to form a string	clicking together to form a string	the lustrous polished visuals	the rich promises of the script	cruelly funny twists
perfect black pearls	perfect black pearls	clicking together to form a string	clicking together to form a string	needed to make this genre soar	sustain interest and empathy	will do it for you
The hot topics	the hot topics	of the plot	of the plot	the universal theme	an original treatment	the dutiful precision
The hot topics	the hot topics	of the plot	of the plot	of stock footage	at the story's core	of the world
the central flaw	the central flaw	of the film	of the film	the choking sense	the slowest person	a chafing inner loneliness and desperate grandiosity
the central flaw	the central flaw	of the film	of the film	of music videos	of a sequel	of the singles scene
A rich tale	a rich tale	of our times	of our times	a clever and captivating romantic comedy	this likable movie	the funniest thing
A rich tale	a rich tale	of our times	of our times	of a movie	in the woods	in his autobiographical performance
all the excitement	all the excitement	of eating oatmeal	of eating oatmeal	the belly laughs	an irresistible blend	a compelling slice
all the excitement	all the excitement	of eating oatmeal	of eating oatmeal	of pop-music history	of a sequel	of the nation
these curious owners	these curious owners	of architectural oddities	of architectural oddities	a hallucinatory dreamscape	the psychological thriller	the real star
these curious owners	these curious owners	of architectural oddities	of architectural oddities	of cat and mouse	of mergers and downsizing	of his work
the very concept	the very concept	makes you nervous	makes you nervous	his last movie	this latest reincarnation	this film's relationship
the very concept	the very concept	makes you nervous	makes you nervous	remains just that: abstract ideas	is a little peculiar	is not explored very deeply
some delightful work	some delightful work	on indie projects	on indie projects	the most fun	the real charm	the delicious guilty pleasure
some delightful work	some delightful work	on indie projects	on indie projects	of the directing world	of survival story	of real life
the comic heights	the comic heights	it obviously desired	it obviously desired	his resolutely dramatic variation	equally gentle sentiments	the real story
the comic heights	the comic heights	it obviously desired	it obviously desired	that transcend culture and race	the majority of action comedies have	a kid can go through
a prolific director	a prolific director	of music videos	of music videos	all the classic dramas	a simple tale	an original treatment
a prolific director	a prolific director	of music videos	of music videos	for the region's recent history	for older kids	of our times
a root cause	a root cause	of gun violence	of gun violence	a teen movie	every other tale	an action movie
a root cause	a root cause	of gun violence	of gun violence	of inexcusable dumb innocence	of hollow despair	of grief and loss
an audacious tour	an audacious tour	of the past	of the past	a serious exploration	the same magical quality	a strong message
an audacious tour	an audacious tour	of the past	of the past	of the generation gap	of college football games	in a changing world
a fair bit	a fair bit	of vampire fun	of vampire fun	a snappy screenplay	the dramatic scenes	a delicate balance
a fair bit	a fair bit	of vampire fun	of vampire fun	of entangled interrelationships and complex morality	of a sports extravaganza	of love and destiny
the synergistic impulse	the synergistic impulse	that created it	that created it	the numerous scenes	the spare precision	this gentle and affecting melodrama
the synergistic impulse	the synergistic impulse	that created it	that created it	that would make them redeemable	that dwarfs everything else in the film	that is controlled by neither character
the silent screams	the silent screams	of workaday inertia	of workaday inertia	a classroom play	just a simple fable	a sly game
the silent screams	the silent screams	of workaday inertia	of workaday inertia	of mystery and quietness	of rural life	of the industry
minutely detailed wonders	minutely detailed wonders	of dreamlike ecstasy	of dreamlike ecstasy	a multilayered work	just the right amount	a uniquely sensual metaphorical dramatization
minutely detailed wonders	minutely detailed wonders	of dreamlike ecstasy	of dreamlike ecstasy	of a genre gem	of creative insanity	of becoming a better person through love
the personal touch	the personal touch	of manual animation	of manual animation	a fair bit	the movie's power	one's imagination
the personal touch	the personal touch	of manual animation	of manual animation	of the play	of the directing world	of a sequel
The origin story	the origin story	is well told	is well told	the complicated history	the burgeoning genre	the comic possibility
The origin story	the origin story	is well told	is well told	is rich in emotional texture	is lovely and lovable	makes the old story seem new
a serious exploration	a serious exploration	of nuclear terrorism	of nuclear terrorism	a wild ride	an original idea	a cinematic postcard
a serious exploration	a serious exploration	of nuclear terrorism	of nuclear terrorism	of an unlikely friendship	of rural life	of music videos
The sword fighting	the sword fighting	is well done	is well done	this film's cast	the entire exercise	a children's film
The sword fighting	the sword fighting	is well done	is well done	is quite admirable	is top notch	is gorgeous and finely detailed
The real charm	the real charm	of this trifle	of this trifle	the cozy feeling	all the excitement	a strong dramatic and emotional pull
The real charm	the real charm	of this trifle	of this trifle	of rural life	of pop-music history	of modern moviemaking
the sheer beauty	the sheer beauty	of his images	of his images	a uniquely sensual metaphorical dramatization	the humor and humanity	an odd but ultimately satisfying blend
the sheer beauty	the sheer beauty	of his images	of his images	of teen life	of this film	of dealing with the subject
the invisible hand	the invisible hand	of the marketplace	of the marketplace	the tone and pacing	an action movie	the delicate tightrope
the invisible hand	the invisible hand	of the marketplace	of the marketplace	of the band	of a clever gimmick	of this movie
introverted young men	introverted young men	with fantasy fetishes	with fantasy fetishes	the dramatic conviction	the pilot episode	sailors and folks
introverted young men	introverted young men	with fantasy fetishes	with fantasy fetishes	of her book	behind the camera	of the industry
its target audience	its target audience	of urban kids	of urban kids	a chase flick	the pilot episode	high school social groups
its target audience	its target audience	of urban kids	of urban kids	of average people	of real life	at the cinema
This seductive tease	this seductive tease	of a thriller	of a thriller	a haunting dramatization	a love letter	a rousing treatise
This seductive tease	this seductive tease	of a thriller	of a thriller	of this ancient holistic healing system	of life and death	for the general public
all the earmarks	all the earmarks	of a sequel	of a sequel	the symbiotic relationship	the movie or the discussion	the ups and downs
all the earmarks	all the earmarks	of a sequel	of a sequel	of stock footage	of popular culture	of an era
a sudsy tub	a sudsy tub	of supernatural hokum	of supernatural hokum	the film's messages	an artificial creation	a cinematic year
a sudsy tub	a sudsy tub	of supernatural hokum	of supernatural hokum	of a legal indictment	of stock footage	of a sports bar
a growing strain	a growing strain	of daring films	of daring films	an unsettled feeling	the harsh reality	the real horror
a growing strain	a growing strain	of daring films	of daring films	of good vampire tales	of the delicate characters	of entangled interrelationships and complex morality
the true potential	the true potential	of the medium	of the medium	the imagined glory	the cumulative effect	the additional storyline
the true potential	the true potential	of the medium	of the medium	of the plot	of cameras and souls	of manual animation
a whole segment	a whole segment	of pop-music history	of pop-music history	a marathon runner	some freakish powers	its intended audience
a whole segment	a whole segment	of pop-music history	of pop-music history	of mystery and quietness	of youth culture	of the combatants
the central performers	the central performers	are experienced actors	are experienced actors	a few of the characters	young actresses	young women
the central performers	the central performers	are experienced actors	are experienced actors	soar every bit as high	won't be disappointed	are top notch
the numerous scenes	the numerous scenes	of gory mayhem	of gory mayhem	every emotional device	the thriller side	an original treatment
the numerous scenes	the numerous scenes	of gory mayhem	of gory mayhem	of a conflicted soldier	of a ruthless army on the warpath	of the crimes
All the performances	all the performances	are top notch	are top notch	the film's messages	the thematic ironies	the animation and backdrops
All the performances	all the performances	are top notch	are top notch	are gorgeous and finely detailed	are lush and inventive	are genial and decent
its lackluster gear	its lackluster gear	of emotional blandness	of emotional blandness	mainstream foreign mush	the very hollowness	the downward spiral
its lackluster gear	its lackluster gear	of emotional blandness	of emotional blandness	of inexcusable dumb innocence	of a script in need of polishing	of continuity errors
the twist endings	the twist endings	were actually surprising	were actually surprising	the real stories	biting satires	the psychological thrillers
the twist endings	the twist endings	were actually surprising	were actually surprising	are very original	aren't badly made	can be fertile sources of humor
its own grasp	its own grasp	of the absurd	of the absurd	all the earmarks	the film equivalent	a clear case
its own grasp	its own grasp	of the absurd	of the absurd	of preaching to the converted	of urban desperation	of consolation candy
the opulent lushness	the opulent lushness	of every scene	of every scene	the noble characters	the real star	moments of hilarity
the opulent lushness	the opulent lushness	of every scene	of every scene	of its situation	of films about black urban professionals	of the narratives
Some motion pictures	some motion pictures	portray ultimate passion	portray ultimate passion	the drumming and the marching	the film's messages	the heroes of horror movies
Some motion pictures	some motion pictures	portray ultimate passion	portray ultimate passion	can be fertile sources of humor	portray a complex character	are all fine
all the charm	all the charm	of a meltdown	of a meltdown	the buoyant energy level	the momentary joys	a strangely tempting bouquet
all the charm	all the charm	of a meltdown	of a meltdown	of the war	of ego and jealousy	of a tax accountant
The thriller side	the thriller side	of this movie	of this movie	the young stars	the video game	the noble tradition
The thriller side	the thriller side	of this movie	of this movie	of the comedy	of the script	of brotherly conflict and reconciliation
filmmakers and performers	filmmakers and performers	of this calibre	of this calibre	sailors and folks	the painted backdrops	so many titans of the industry
filmmakers and performers	filmmakers and performers	of this calibre	of this calibre	of gigantic proportions	of entertainment and education	of a particular theatrical family
an unflappable air	an unflappable air	of decadent urbanity	of decadent urbanity	the universal theme	a hallucinatory dreamscape	the overall feeling
an unflappable air	an unflappable air	of decadent urbanity	of decadent urbanity	of life and death	of the respected critical community in this country	of lowbrow comedy
the tiny revelations	the tiny revelations	of real life	of real life	the twist endings	her inner journey	a fair bit
the tiny revelations	the tiny revelations	of real life	of real life	of the film	of holiday movies	of the original
a popular destination	a popular destination	for hungry tourists	for hungry tourists	the fresh air	a funny little movie	that extra little something
a popular destination	a popular destination	for hungry tourists	for hungry tourists	of our times	of people who try to escape the country	for the audience
a long patch	a long patch	of black ice	of black ice	the inherent conflict	the cultural and moral issues	an artificial creation
a long patch	a long patch	of black ice	of black ice	of an unlikely friendship	of architectural oddities	of rural life
the intelligence level	the intelligence level	of the characters	of the characters	all the classic dramas	the intellectual and emotional pedigree	a thoughtful and unflinching examination
the intelligence level	the intelligence level	of the characters	of the characters	of the script	of the modern male	of theater history
a bizarre sort	a bizarre sort	of romantic comedy	of romantic comedy	all the same problems	the measured pace and lack of dramatic inflection	the thin soup
a bizarre sort	a bizarre sort	of romantic comedy	of romantic comedy	of moral right and wrong	of human power	of a raindrop
a compelling slice	a compelling slice	of awkward emotions	of awkward emotions	the real charm	a great subject	a powerful look
a compelling slice	a compelling slice	of awkward emotions	of awkward emotions	of preaching to the converted	of canned humor	of office politics
The mesmerizing performances	the mesmerizing performances	of the leads	of the leads	a breathtakingly assured and stylish work	the powerful work	the funniest jokes
The mesmerizing performances	the mesmerizing performances	of the leads	of the leads	of men in drag	of an unlikely friendship	of its subjects
the belly laughs	the belly laughs	of lowbrow comedy	of lowbrow comedy	the wisdom and humor	a real flair	an engaging look
the belly laughs	the belly laughs	of lowbrow comedy	of lowbrow comedy	of nuclear terrorism	of this trifle	of serial killers
a striking style	a striking style	behind the camera	behind the camera	a freshness and modesty	this distinguished actor	the visceral excitement
a striking style	a striking style	behind the camera	behind the camera	in his medium	with fantasy fetishes	of this disarming indie
a daily grind	a daily grind	can kill love	can kill love	this stuck pig	the mundane horrors	the sick character
a daily grind	a daily grind	can kill love	can kill love	should get a pink slip	is supposed to be a gift	makes you nervous
all the moments	all the moments	of coherent dialogue	of coherent dialogue	the multiple stories	the heavy doses	a good chunk
all the moments	all the moments	of coherent dialogue	of coherent dialogue	of the haunted vessel	of love and jealousy and sacrifice	of satiric fire and emotional turmoil
a therapeutic zap	a therapeutic zap	of shock treatment	of shock treatment	a hallucinatory dreamscape	every emotional device	a syncopated style
a therapeutic zap	a therapeutic zap	of shock treatment	of shock treatment	of average people	of belly dancing	of workaday inertia
the choking sense	the choking sense	of hollow despair	of hollow despair	the darker elements	an unsettled feeling	the film's few ideas
the choking sense	the choking sense	of hollow despair	of hollow despair	of grief and loss	of the worst possibilities of mankind	of inexcusable dumb innocence
the obligatory moments	the obligatory moments	of sentimental ooze	of sentimental ooze	a tart little lemon drop	a forcefully quirky tone	all the earmarks
the obligatory moments	the obligatory moments	of sentimental ooze	of sentimental ooze	of the working poor	of arrested development	of canned humor
The primitive force	the primitive force	of this film	of this film	this novelistic story	the moral dilemma	the possible futures
The primitive force	the primitive force	of this film	of this film	of urban kids	of the film's city beginnings	in contemporary society
the great minds	the great minds	of our times	of our times	a serious exploration	a cinematic postcard	the most famous author
the great minds	the great minds	of our times	of our times	of the play	of people who try to escape the country	of our national psyche
the videogame series	the videogame series	that inspired it	that inspired it	a marching band	the emotional arc	the projection television screen
the videogame series	the videogame series	that inspired it	that inspired it	which knows its way around a submarine	that entertains even as it turns maddeningly predictable	that resonates with profundity
a major problem	a major problem	in contemporary society	in contemporary society	the road to hell	some difficult relationships	this strenuously unconventional movie
a major problem	a major problem	in contemporary society	in contemporary society	in the woods	of new technology	of emotional heft
a visceral level	a visceral level	that transcends language	that transcends language	this holiday movie	a sobering meditation	the synergistic impulse
a visceral level	a visceral level	that transcends language	that transcends language	that inspired it	that earns its moments of pathos	the majority of action comedies have
the overall impact	the overall impact	of the film	of the film	the casting call	the overall feel	the most notable observation
the overall impact	the overall impact	of the film	of the film	of your date	of his characters	of nuclear terrorism
a big box	a big box	of consolation candy	of consolation candy	a certain degree	the life experiences	the very concept
a big box	a big box	of consolation candy	of consolation candy	of sentimental ooze	of melodramatic moviemaking	of awkward emotions
a fascinating part	a fascinating part	of theater history	of theater history	a cinematic postcard	easily accessible stories	a multilayered work
a fascinating part	a fascinating part	of theater history	of theater history	of the movies	of a couple's moral ascension	of satiric fire and emotional turmoil
a pressure cooker	a pressure cooker	of horrified awe	of horrified awe	the crazy things	a literary detective story	the videogame series
a pressure cooker	a pressure cooker	of horrified awe	of horrified awe	of popular culture	of a movie	of characters and angles
a love song	a love song	to the movies	to the movies	a workable primer	an honesty and dignity	a few advantages
a love song	a love song	to the movies	to the movies	of his characters	of modern times	of rural life
her inner journey	her inner journey	is largely unexplored	is largely unexplored	all the mounting tension	the ultimate mystery	a big part
her inner journey	her inner journey	is largely unexplored	is largely unexplored	doesn't quite fit	may be shallow	can also seem tedious
a great subject	a great subject	for a movie	for a movie	a true adaptation	a soothing formula	a very good viewing alternative
a great subject	a great subject	for a movie	for a movie	of the film	of the play	of our times
Murder and mayhem	murder and mayhem	of this sort	of this sort	a dualistic battle	any intellectual arguments	the visuals and eccentricities
Murder and mayhem	murder and mayhem	of this sort	of this sort	of real life	of our times	of the past
the acerbic repartee	the acerbic repartee	of the play	of the play	the twist endings	an original treatment	the intelligence level
the acerbic repartee	the acerbic repartee	of the play	of the play	of this sort	of modern moviemaking	of present day testimonials
a celebrated wonder	a celebrated wonder	in the spotlight	in the spotlight	a very original artist	a genuinely honest moment	the funniest thing
a celebrated wonder	a celebrated wonder	in the spotlight	in the spotlight	of pop-music history	in a college history course	of the nation
a true adaptation	a true adaptation	of her book	of her book	the wit and revolutionary spirit	the extravagant confidence	a playful recapitulation
a true adaptation	a true adaptation	of her book	of her book	of youth culture	of modern moviemaking	of this true story
the exotic world	the exotic world	of belly dancing	of belly dancing	the momentary joys	a spiritual aspect	a great glimpse
the exotic world	the exotic world	of belly dancing	of belly dancing	of men in drag	of mystery and quietness	of teen life
the ultimate fate	the ultimate fate	of these girls	of these girls	any intellectual arguments	the additional storyline	all the comic possibilities
the ultimate fate	the ultimate fate	of these girls	of these girls	of the criminal world	of love and bloodletting	of the script
all the religious and civic virtues	all the religious and civic virtues	that hold society in place	that hold society in place	all the moments	the invisible hands	the movie or the discussion
all the religious and civic virtues	all the religious and civic virtues	that hold society in place	that hold society in place	that would make them redeemable	that are at the center of the story	that tend to characterize puberty
the actresses in the lead roles	the actresses in the lead roles	are all more than competent	are all more than competent	dinner guests	alienated executives	sailors and folks
the actresses in the lead roles	the actresses in the lead roles	are all more than competent	are all more than competent	should inspire reaction in its audience	may look cool	are all fine
the insight and honesty	the insight and honesty	of this disarming indie	of this disarming indie	a carefully balanced scenario	the visceral excitement	the fresh air
the insight and honesty	the insight and honesty	of this disarming indie	of this disarming indie	of his images	of the entire effort	of his work
An incredibly irritating comedy	an incredibly irritating comedy	about thoroughly vacuous people	about thoroughly vacuous people	a ponderous and pretentious endeavor	a dreary tract	a throwaway movie
An incredibly irritating comedy	an incredibly irritating comedy	about thoroughly vacuous people	about thoroughly vacuous people	of melodramatic moviemaking	of awkward emotions	in a world that thrives on artificiality
the script 's refusal	the script's refusal	of a happy ending	of a happy ending	the hollow state	the most undeserving victim	the darker elements
the script 's refusal	the script's refusal	of a happy ending	of a happy ending	of dramatic interest	of a very lively dream	of comedy and romance
an almost visceral sense	an almost visceral sense	of dislocation and change	of dislocation and change	a certain kind	all of its ideas	the punch and verve
an almost visceral sense	an almost visceral sense	of dislocation and change	of dislocation and change	of a ruthless army on the warpath	of urban desperation	of consolation candy
a surprisingly faithful remake	a surprisingly faithful remake	of its chilly predecessor	of its chilly predecessor	the cozy feeling	the wit and revolutionary spirit	a true adaptation
a surprisingly faithful remake	a surprisingly faithful remake	of its chilly predecessor	of its chilly predecessor	of phony blood	of office politics	of gory mayhem
a farcically bawdy fantasy	a farcically bawdy fantasy	of redemption and regeneration	of redemption and regeneration	the harsh reality	the basic flaws	the difficult relationship
a farcically bawdy fantasy	a farcically bawdy fantasy	of redemption and regeneration	of redemption and regeneration	of the quirks of fame	for young women	about the typical problems of average people
a rollicking good time	a rollicking good time	for the most part	for the most part	a glorious groove	a fascinating study	a clever and captivating romantic comedy
a rollicking good time	a rollicking good time	for the most part	for the most part	for its audience	of romantic comedy	for her husband
The animation and backdrops	the animation and backdrops	are lush and inventive	are lush and inventive	actor and director	classroom plays	the author's devotees
The animation and backdrops	the animation and backdrops	are lush and inventive	are lush and inventive	are well told	are meaningful or memorable	are honestly affecting
flourishes -- artsy fantasy sequences --	flourishes -- artsy fantasy sequences --	that simply feel wrong	that simply feel wrong	father and son connections	easily accessible stories	minutely detailed wonders
flourishes -- artsy fantasy sequences --	flourishes -- artsy fantasy sequences --	that simply feel wrong	that simply feel wrong	that are tough to shake	that are all too suspiciously smooth	that perfectly illustrate the picture's moral schizophrenia
this oddly sweet comedy	this oddly sweet comedy	about jokester highway patrolmen	about jokester highway patrolmen	all the enjoyable randomness	a soothing formula	this likable movie
this oddly sweet comedy	this oddly sweet comedy	about jokester highway patrolmen	about jokester highway patrolmen	of the artist's career	of decadent urbanity	about the difference between human and android life
something creepy and vague	something creepy and vague	is in the works	is in the works	a catastrophic collision	this poor remake	an uneasy mix
something creepy and vague	something creepy and vague	is in the works	is in the works	evincing the hollow state of modern love life	may be waiting for us at home	doesn't just slip
the remarkable ensemble cast	the remarkable ensemble cast	brings them to life	brings them to life	a clever and captivating romantic comedy	this likable movie	a fascinating study
the remarkable ensemble cast	the remarkable ensemble cast	brings them to life	brings them to life	is utterly convincing	is very original	is good for a laugh
a new software program	a new software program	spit out the screenplay	spit out the screenplay	a classroom play	this noble warlord	a ruthless army
a new software program	a new software program	spit out the screenplay	spit out the screenplay	is no picnic	makes a lick of sense	does not live up to its style
a freshness and modesty	a freshness and modesty	that transcends their predicament	that transcends their predicament	the buoyant energy level	a casual intelligence	a father and son connection
a freshness and modesty	a freshness and modesty	that transcends their predicament	that transcends their predicament	that earns its moments of pathos	that entertains even as it turns maddeningly predictable	that inspired it
the disappointingly generic nature	the disappointingly generic nature	of the entire effort	of the entire effort	the wasted potential	the very hollowness	a catastrophic collision
the disappointingly generic nature	the disappointingly generic nature	of the entire effort	of the entire effort	of beach party pop numbers	of the movie	of eating oatmeal
the moral dilemma	the moral dilemma	at the movie 's heart	at the movie's heart	the overall feel	the primitive force	the human story
the moral dilemma	the moral dilemma	at the movie 's heart	at the movie's heart	of its characters' lives	for the geek generation	of the comedy
the life experiences	the life experiences	of a particular theatrical family	of a particular theatrical family	the origin story	an action film	the kind of art shots
the life experiences	the life experiences	of a particular theatrical family	of a particular theatrical family	of brotherly conflict and reconciliation	of the modern male	of the characters
a soothing formula	a soothing formula	of brotherly conflict and reconciliation	of brotherly conflict and reconciliation	this oddly sweet comedy	a moral tale	a compelling portrait
a soothing formula	a soothing formula	of brotherly conflict and reconciliation	of brotherly conflict and reconciliation	of entertainment and education	for people who haven't read the book	of a sick and evil woman
a playful recapitulation	a playful recapitulation	of the artist 's career	of the artist's career	a genuinely honest moment	this unique and entertaining twist	a powerful and deeply moving example
a playful recapitulation	a playful recapitulation	of the artist 's career	of the artist's career	of the year	of characters and motivations	of the original
the cozy feeling	the cozy feeling	of relaxing around old friends	of relaxing around old friends	all the excitement	this likable movie	a great ending
the cozy feeling	the cozy feeling	of relaxing around old friends	of relaxing around old friends	of veracity and narrative grace	of becoming a better person through love	of vampire fun
the playful paranoia	the playful paranoia	of the film 's past	of the film's past	the testimony of witnesses	the animation and backdrops	murder and mayhem
the playful paranoia	the playful paranoia	of the film 's past	of the film's past	of decadent urbanity	of its situation	of workaday inertia
a great actress	a great actress	tearing into a landmark role	tearing into a landmark role	a breathtakingly assured and stylish work	a delightful comedy	a superb performance
a great actress	a great actress	tearing into a landmark role	tearing into a landmark role	will probably find it fascinating	is interesting and entertaining	is meaningful or memorable
the real story	the real story	starts just around the corner	starts just around the corner	a huge sacrifice	the emotional reality	his resolutely dramatic variation
the real story	the real story	starts just around the corner	starts just around the corner	might blow it off the screen	can justify evil means	hidden in the film's thick shadows
a classroom play	a classroom play	in a college history course	in a college history course	the uncertain girl	the rowdy participants	this novelistic story
a classroom play	a classroom play	in a college history course	in a college history course	of urban kids	as the beginning of the story	for the audience
the very hollowness	the very hollowness	of the character he plays	of the character he plays	the unceasing sadism	the downward spiral	a cruel story
the very hollowness	the very hollowness	of the character he plays	of the character he plays	of modern times	of the narratives	of the summer
particularly eccentric people	particularly eccentric people	have particularly eccentric living spaces	have particularly eccentric living spaces	prolific directors	these curious owners	grouchy ayatollahs
particularly eccentric people	particularly eccentric people	have particularly eccentric living spaces	have particularly eccentric living spaces	involved in the process	playing in the film's background	search for their place in the world
a wonderous accomplishment	a wonderous accomplishment	of veracity and narrative grace	of veracity and narrative grace	the powerful work	a stunning lyrical work	an absolute delight
a wonderous accomplishment	a wonderous accomplishment	of veracity and narrative grace	of veracity and narrative grace	of sharp writing	of considerable force and truth	of a good vampire tale
a chase flick	a chase flick	that detracts from its ending	that detracts from its ending	typical documentary footage	this film's cast	the catalytic effect
a chase flick	a chase flick	that detracts from its ending	that detracts from its ending	that malnourished intellectuals	that simply feels wrong	that's tough to shake
the grown men	the grown men	who sit in the stands	who sit in the stands	better actors	even cranky adults	many of us
the grown men	the grown men	who sit in the stands	who sit in the stands	that are at the center of the story	who definitely have something on their mind	who read the book
a nice concept	a nice concept	for its fiftysomething leading ladies	for its fiftysomething leading ladies	a funny little movie	such a good design	a solid formula
a nice concept	a nice concept	for its fiftysomething leading ladies	for its fiftysomething leading ladies	of a wading pool	for a film	for a murder mystery
the fleeting joys	the fleeting joys	of love 's brief moment	of love's brief moment	this gentle and affecting melodrama	the richness of characterization	the synergistic impulse
the fleeting joys	the fleeting joys	of love 's brief moment	of love's brief moment	of emotional intimacy	of human power	of a couple's moral ascension
a spiritual aspect	a spiritual aspect	of their characters ' suffering	of their characters' suffering	the buoyant energy level	the full visceral impact	a great glimpse
a spiritual aspect	a spiritual aspect	of their characters ' suffering	of their characters' suffering	of the past	of the medium	of the character he plays
sensitive married women	sensitive married women	who really love other women	who really love other women	the other actors	actor and director	blind men
sensitive married women	sensitive married women	who really love other women	who really love other women	who definitely have something on their mind	that created it	who see themselves as impervious to a fall
the emotional arc	the emotional arc	of its raw blues soundtrack	of its raw blues soundtrack	a certain part	the true potential	the subject matter
the emotional arc	the emotional arc	of its raw blues soundtrack	of its raw blues soundtrack	of college football games	of a deeply personal subject	of personal loss
a clear case	a clear case	of preaching to the converted	of preaching to the converted	its adult themes	its own grasp	the additional storyline
a clear case	a clear case	of preaching to the converted	of preaching to the converted	of office politics	of consolation candy	of the working poor
its compassionate spirit	its compassionate spirit	soars every bit as high	soars every bit as high	the delicious pulpiness	his intelligent grasp	the buoyant energy level
its compassionate spirit	its compassionate spirit	soars every bit as high	soars every bit as high	is a real charmer	is meaningful or memorable	is genial and decent
The entire point	the entire point	of a shaggy dog story	of a shaggy dog story	actor and director	the ins and outs	the central performers
The entire point	the entire point	of a shaggy dog story	of a shaggy dog story	of deja vu	of phony blood	of the war
the overall impact	the overall impact	the movie could have had	the movie could have had	the end result	the moral dilemma	a certain part
the overall impact	the overall impact	the movie could have had	the movie could have had	that dwarfs everything else in the film	that was never planned	that created it
their deepest notions	their deepest notions	of moral right and wrong	of moral right and wrong	the usual portrayals	a root cause	the emotional arc
their deepest notions	their deepest notions	of moral right and wrong	of moral right and wrong	of the better film versions	of the comedy	of a clever gimmick
a marathon runner	a marathon runner	trying to finish a race	trying to finish a race	a young woman	a tart little lemon drop	the film's shooting schedule
a marathon runner	a marathon runner	trying to finish a race	trying to finish a race	doesn't just slip	undergoing midlife crisis	involved in the process
the human story	the human story	is pushed to one side	is pushed to one side	the movie or the discussion	the unexpected blast	the helping hand
the human story	the human story	is pushed to one side	is pushed to one side	hidden in the film's thick shadows	is on display	starts just around the corner
Its weighty themes	Its weighty themes	are too grave for youngsters	are too grave for youngsters	its audacious ambitions	the tooth and claw	ghost stories
Its weighty themes	Its weighty themes	are too grave for youngsters	are too grave for youngsters	remain just that: abstract ideas	are too obvious	can kill love
the contrived nature	the contrived nature	of its provocative conclusion	of its provocative conclusion	the thin soup	a besotted and obvious drama	all the same problems
the contrived nature	the contrived nature	of its provocative conclusion	of its provocative conclusion	of sharp writing	of the delicate characters	of the familiar masterpiece
a dualistic battle	a dualistic battle	between good and evil	between good and evil	the emotional arc	the delicate tightrope	the volatile dynamics
a dualistic battle	a dualistic battle	between good and evil	between good and evil	between its stars	of a screenplay	of emotional heft
The noble tradition	the noble tradition	of men in drag	of men in drag	an especially poignant portrait	a thoughtful and unflinching examination	the opulent lushness
The noble tradition	the noble tradition	of men in drag	of men in drag	of horror movies	of our national psyche	of mergers and downsizing
a sad picture	a sad picture	of the singles scene	of the singles scene	this strenuously unconventional movie	the disappointingly generic nature	some difficult relationships
a sad picture	a sad picture	of the singles scene	of the singles scene	of the generation gap	of everyday people	of characters and motivations
this future world	this future world	feels absolutely deja vu	feels absolutely deja vu	your festive spirit	the most notable observation	the life experience
this future world	this future world	feels absolutely deja vu	feels absolutely deja vu	makes you nervous	is an entirely foreign concept	repeated in films over and over again
the dutiful precision	the dutiful precision	of a tax accountant	of a tax accountant	the intellectual and emotional pedigree	an enigmatic film	the real story
the dutiful precision	the dutiful precision	of a tax accountant	of a tax accountant	of canned humor	of gory mayhem	of the war
a rare window	a rare window	on an artistic collaboration	on an artistic collaboration	this seductive tease	a sleek advert	a love song
a rare window	a rare window	on an artistic collaboration	on an artistic collaboration	for its audience	on the film radar	for the big screen
the ultimate mysteries	the ultimate mysteries	of life and death	of life and death	the vertiginous perspectives	the numerous scenes	this gentle and affecting melodrama
the ultimate mysteries	the ultimate mysteries	of life and death	of life and death	of rural life	of beach party pop numbers	of this ancient holistic healing system
A simple tale	a simple tale	of an unlikely friendship	of an unlikely friendship	a snappy screenplay	the film's messages of tolerance and diversity	the psychological thriller
A simple tale	a simple tale	of an unlikely friendship	of an unlikely friendship	of cat and mouse	of our national psyche	of children's television
easily accessible stories	easily accessible stories	that resonate with profundity	that resonate with profundity	minutely detailed wonders	carefully balanced scenarios	earnest debuts
easily accessible stories	easily accessible stories	that resonate with profundity	that resonate with profundity	that transport you	that keep people going in this crazy life	that frustrate and captivate
a main character	a main character	who sometimes defies sympathy	who sometimes defies sympathy	the central performer	a dinner guest	the otherwise compelling director
a main character	a main character	who sometimes defies sympathy	who sometimes defies sympathy	that's tough to shake	that malnourished intellectuals	that is not easily forgotten
The modern master	the modern master	of the chase sequence	of the chase sequence	a realistic atmosphere	a compelling portrait	a great deal
The modern master	the modern master	of the chase sequence	of the chase sequence	of growing up	of the world	of cultures and generations
a crusty treatment	a crusty treatment	of a clever gimmick	of a clever gimmick	a no-surprise series	the choking sense	its rather routine script
a crusty treatment	a crusty treatment	of a clever gimmick	of a clever gimmick	of painting this family dynamic for the audience	of love and bloodletting	of moral right and wrong
the difficult process	the difficult process	of adapting to loss	of adapting to loss	the cultural and moral issues	the complicated relationships	a motion picture
the difficult process	the difficult process	of adapting to loss	of adapting to loss	of a sudden lunch rush at the diner	of addressing a complex situation	of a particular theatrical family
a no-surprise series	a no-surprise series	of explosions and violence	of explosions and violence	the fanatical excess	his problematic quest	the real horror
a no-surprise series	a no-surprise series	of explosions and violence	of explosions and violence	of modern times	of the combatants	of an unlikely friendship
those of you	those of you	who read the book	who read the book	each of them	the title character	the other actors
those of you	those of you	who read the book	who read the book	that tend to characterize puberty	who really love other women	that distinguish the merely quirky from the surreal
an enjoyable film	an enjoyable film	in its own right	in its own right	a clever and captivating romantic comedy	some delightful work	an irresistible blend
an enjoyable film	an enjoyable film	in its own right	in its own right	of that special fishy community	of modern love life	of addressing a complex situation
this wonderful portrait	this wonderful portrait	of a conflicted soldier	of a conflicted soldier	a fascinating study	beautifully detailed performances	the kind of genuine depth
this wonderful portrait	this wonderful portrait	of a conflicted soldier	of a conflicted soldier	of office politics	of gory mayhem	of dislocation and change
the difficult subject	the difficult subject	of grief and loss	of grief and loss	his own idiosyncratic strain	the conflicted complexity	all the dramatic weight
the difficult subject	the difficult subject	of grief and loss	of grief and loss	of hollow despair	of gun violence	of continuity errors
the overlooked pitfalls	the overlooked pitfalls	of such an endeavour	of such an endeavour	stagy set pieces	the art direction and costumes	the crazy things
the overlooked pitfalls	the overlooked pitfalls	of such an endeavour	of such an endeavour	of the band	of love and bloodletting	of the comedy
a flattering sense	a flattering sense	of mystery and quietness	of mystery and quietness	a good deal	the lustrous polished visuals	a realistic atmosphere
a flattering sense	a flattering sense	of mystery and quietness	of mystery and quietness	of the summer	of their own pasts	of this true story
A gentle blend	a gentle blend	of present day testimonials	of present day testimonials	the buoyant energy level	the value and respect	a strangely tempting bouquet
A gentle blend	a gentle blend	of present day testimonials	of present day testimonials	of explosions and violence	of mystery and quietness	of emotional heft
a fascinating study	a fascinating study	of isolation and frustration	of isolation and frustration	this wonderful portrait	the kind of genuine depth	this unique and entertaining twist
a fascinating study	a fascinating study	of isolation and frustration	of isolation and frustration	of urban desperation	of an already obscure demographic	of the absurd
the visual wit	the visual wit	of the previous pictures	of the previous pictures	the momentary joys	the depth and breadth	an oddly fascinating depiction
the visual wit	the visual wit	of the previous pictures	of the previous pictures	of the game	of this sort	of beach party pop numbers
the annoying demeanour	the annoying demeanour	of its lead character	of its lead character	a major problem	an overlong visit	a pale imitation
the annoying demeanour	the annoying demeanour	of its lead character	of its lead character	of the respected critical community in this country	of the plot	of a movie
their best work	their best work	in their underwritten roles	in their underwritten roles	an exhilarating exploration	a rollicking good time	beautifully detailed performances
their best work	their best work	in their underwritten roles	in their underwritten roles	in the genre	at its greasiest	of the crimes
a certain degree	a certain degree	of wit and dignity	of wit and dignity	the wonder and menace	the most notable observation	the ins and outs
a certain degree	a certain degree	of wit and dignity	of wit and dignity	of comedy and romance	of neighborhood values	of entertainment and education
a pale imitation	a pale imitation	of the real deal	of the real deal	the wasted potential	the flawed support structure	the predictable plot
a pale imitation	a pale imitation	of the real deal	of the real deal	of romantic comedy	of a sudden lunch rush at the diner	of its sweeping battle scenes
the immediate aftermath	the immediate aftermath	of the terrorist attacks	of the terrorist attacks	the real story	the psychological thriller	the spare precision
the immediate aftermath	the immediate aftermath	of the terrorist attacks	of the terrorist attacks	of isolation and frustration	of terrible events	of a meltdown
the complicated relationships	the complicated relationships	in a marching band	in a marching band	the movie or the discussion	a young actress	the rowdy participants
the complicated relationships	the complicated relationships	in a marching band	in a marching band	in the movie	of its cast	of the directing world
the pilot episode	the pilot episode	of a TV series	of a TV series	the fictional footage	the obstacle course	the otherwise compelling director
the pilot episode	the pilot episode	of a TV series	of a TV series	of a screenplay	for this movie	of the bard's tragic play
the cinematic equivalent	the cinematic equivalent	of a legal indictment	of a legal indictment	the dry wit	the imagined glory	the testimony of witnesses
the cinematic equivalent	the cinematic equivalent	of a legal indictment	of a legal indictment	of mergers and downsizing	of the pool	of life and death
the glass slipper	the glass slipper	does n't quite fit	doesn't quite fit	a sudsy tub	the kind of art shots	this novelistic story
the glass slipper	the glass slipper	does n't quite fit	doesn't quite fit	is nothing special	is largely unexplored	can also seem tedious
A delightful stimulus	a delightful stimulus	for the optic nerves	for the optic nerves	a charismatic charmer	the film's easygoing blend	a fairly irresistible package
A delightful stimulus	a delightful stimulus	for the optic nerves	for the optic nerves	in contemporary society	for this genre	for hungry tourists
a solid formula	a solid formula	for successful animated movies	for successful animated movies	a feature debut	a charismatic charmer	the value and respect
a solid formula	a solid formula	for successful animated movies	for successful animated movies	of the victorious revolutionaries	of coherent dialogue	of stylistic elements
The additional storyline	the additional storyline	is interesting and entertaining	is interesting and entertaining	the actress in the lead role	a blind man	the television series
The additional storyline	the additional storyline	is interesting and entertaining	is interesting and entertaining	soars every bit as high	is well told	is lovely and lovable
this engaging mix	this engaging mix	of love and bloodletting	of love and bloodletting	easily accessible stories	a wonderful tale	a strong message
this engaging mix	this engaging mix	of love and bloodletting	of love and bloodletting	of painting this family dynamic for the audience	of art of their own	of neighborhood values
the performances of the young players	the performances of the young players	are utterly convincing	are utterly convincing	the film's stories	skateboard films	the dramatic potentials
the performances of the young players	the performances of the young players	are utterly convincing	are utterly convincing	can be fertile sources of humor	should inspire reaction in its audience	are all fine
the predictability of bland comfort food	the predictability of bland comfort food	appeals to you	appeals to you	the modern rut	the very hollowness of the character he plays	a confusing melange
the predictability of bland comfort food	the predictability of bland comfort food	appeals to you	appeals to you	makes for adequate entertainment	finds a few chuckles	becomes a part of its fun
The overall feel of the film	the overall feel of the film	is pretty cheesy	is pretty cheesy	the last scene	cinema's capability	the projection television screen
The overall feel of the film	the overall feel of the film	is pretty cheesy	is pretty cheesy	makes a lick of sense	may not satisfy every moviegoer's appetite	does not live up to its style
such a clever adaptation	such a clever adaptation	of the bard 's tragic play	of the bard's tragic play	the exuberant openness	a convincing impersonation	the buoyant energy level
such a clever adaptation	such a clever adaptation	of the bard 's tragic play	of the bard's tragic play	of the plot	of pop-music history	of this ancient holistic healing system
a powerful political message	a powerful political message	stuffed into an otherwise mediocre film	stuffed into an otherwise mediocre film	its compassionate spirit	a real human soul	this engaging mix
a powerful political message	a powerful political message	stuffed into an otherwise mediocre film	stuffed into an otherwise mediocre film	is not explored very deeply	kills the effect	is stretched to the point of evaporation
the debate it joins	the debate it joins	is a necessary and timely one	is a necessary and timely one	the slightest difficulty	the melodramatic aspect	his problematic quest
the debate it joins	the debate it joins	is a necessary and timely one	is a necessary and timely one	makes for adequate entertainment	is no cinematic sin	takes on life's urgent questions
the buoyant energy level	the buoyant energy level	of the film 's city beginnings	of the film's city beginnings	a powerful political message	the delicious pulpiness	the fresh air
the buoyant energy level	the buoyant energy level	of the film 's city beginnings	of the film's city beginnings	of good kids and bad seeds	of beach party pop numbers	of this film
the worst of tragedies	the worst of tragedies	can be fertile sources of humor	can be fertile sources of humor	the death reports	these alleged psychological thrillers	catastrophic collisions
the worst of tragedies	the worst of tragedies	can be fertile sources of humor	can be fertile sources of humor	aren't badly made	are very original	are utterly convincing
The art direction and costumes	the art direction and costumes	are gorgeous and finely detailed	are gorgeous and finely detailed	some freakish powers	open cans of pop	the main characters
The art direction and costumes	the art direction and costumes	are gorgeous and finely detailed	are gorgeous and finely detailed	are lush and inventive	make the old story seem new	are honestly affecting
an inexpressible and drab wannabe	an inexpressible and drab wannabe	looking for that exact niche	looking for that exact niche	a bad movie	a ponderous and pretentious endeavor	a pretentious and ultimately empty examination
an inexpressible and drab wannabe	an inexpressible and drab wannabe	looking for that exact niche	looking for that exact niche	is on display	hidden in the film's thick shadows	centered around a public bath house
an aborbing if arguable case	an aborbing if arguable case	for the man 's greatness	for the man's greatness	all the depth	the ultimate exercise	all the mounting tension
an aborbing if arguable case	an aborbing if arguable case	for the man 's greatness	for the man's greatness	of a sports extravaganza	for the whole family	with a humanistic message
this gentle and affecting melodrama	this gentle and affecting melodrama	will have luvvies in raptures	will have luvvies in raptures	the evocative aesthetics	a small star	the intellectual and emotional pedigree
this gentle and affecting melodrama	this gentle and affecting melodrama	will have luvvies in raptures	will have luvvies in raptures	played a crucial role	uses water as a metaphor for subconscious desire	takes on life's urgent questions
The movie 's quiet affirmation	the movie's quiet affirmation	of neighborhood values	of neighborhood values	an original and highly cerebral examination	that extra little something	the exotic world
The movie 's quiet affirmation	the movie's quiet affirmation	of neighborhood values	of neighborhood values	of a particular theatrical family	of satiric fire and emotional turmoil	of human decency
the franchise 's best years	the franchise's best years	are long past	are long past	decent glimpses	the value and respect	the rich promises
the franchise 's best years	the franchise's best years	are long past	are long past	don't just slip	keep happening over and over again	are going to show up soon
the intellectual and emotional pedigree	the intellectual and emotional pedigree	of your date	of your date	the real story	all the scenic appeal	the kind of visual flair
the intellectual and emotional pedigree	the intellectual and emotional pedigree	of your date	of your date	of a screenplay	of the plot	of average people
the film 's easygoing blend	the film's easygoing blend	of comedy and romance	of comedy and romance	a cinematic postcard	a strangely tempting bouquet	an eventual cult classic
the film 's easygoing blend	the film's easygoing blend	of comedy and romance	of comedy and romance	between art and life	of a couple's moral ascension	of love and jealousy and sacrifice
the kind of art shots	the kind of art shots	that fill gallery shows	that fill gallery shows	the end results	the grown men	the painted backdrops
the kind of art shots	the kind of art shots	that fill gallery shows	that fill gallery shows	that hold society in place	that tend to characterize puberty	that take time to enjoy
the film 's lamer instincts	the film's lamer instincts	are in the saddle	are in the saddle	a frat boy's ideas	soulless hunks	the film's almost unbearable portraits
the film 's lamer instincts	the film's lamer instincts	are in the saddle	are in the saddle	are extensions of themselves	find a few chuckles	played a crucial role
the pushiness and decibel volume	the pushiness and decibel volume	of most contemporary comedies	of most contemporary comedies	all the dysfunctional family dynamics	the slow buildup	the choking sense
the pushiness and decibel volume	the pushiness and decibel volume	of most contemporary comedies	of most contemporary comedies	of the girls' environment	of such an endeavour	in the auditorium
the adrenaline jolt	the adrenaline jolt	of a sudden lunch rush at the diner	of a sudden lunch rush at the diner	the buoyant energy level	the humor and humanity	the same magical quality
the adrenaline jolt	the adrenaline jolt	of a sudden lunch rush at the diner	of a sudden lunch rush at the diner	of moral right and wrong	of comedy and romance	of gigantic proportions
this particular result	this particular result	is ultimately held back from being something greater	is ultimately held back from being something greater	the film's plot	the title character	the last movie
this particular result	this particular result	is ultimately held back from being something greater	is ultimately held back from being something greater	is not explored very deeply	feels absolutely deja vu	makes you nervous
a college student	a college student	who sees himself as impervious to a fall	who sees himself as impervious to a fall	a marathon runner	a main character	an impressionable kid
a college student	a college student	who sees himself as impervious to a fall	who sees himself as impervious to a fall	that involves us in the unfolding crisis	who reads the book	that's at the center of the story
the crazy things	the crazy things	that keep people going in this crazy life	that keep people going in this crazy life	all the religious and civic virtues	the cultural and moral issues	the right stuff
the crazy things	the crazy things	that keep people going in this crazy life	that keep people going in this crazy life	that transcend language	that frustrate and captivate	that transcend their predicament
the romantic urgency	the romantic urgency	that 's at the center of the story	that's at the center of the story	a mysterious creature	a bumpy but satisfying journey	a glossy melodrama
the romantic urgency	the romantic urgency	that 's at the center of the story	that's at the center of the story	that accompanies this human condition	that involves us in the unfolding crisis	that roots it in feeling
a strong message	a strong message	about never giving up on a loved one	about never giving up on a loved one	a funny little movie	a nice little story	a happy ending
a strong message	a strong message	about never giving up on a loved one	about never giving up on a loved one	in a vibrant and intoxicating fashion	of entangled interrelationships and complex morality	of sharp writing
a moving experience	a moving experience	for people who have n't read the book	for people who haven't read the book	a good performance	a strong dramatic and emotional pull	an engaging look
a moving experience	a moving experience	for people who have n't read the book	for people who haven't read the book	in the auditorium	of comedy and romance	for the geek generation
a dull moment	a dull moment	in the giant spider invasion comic chiller	in the giant spider invasion comic chiller	the wasted potential	a major problem	a confusing melange
a dull moment	a dull moment	in the giant spider invasion comic chiller	in the giant spider invasion comic chiller	for its fiftysomething leading ladies	of modern moviemaking	of redemption and regeneration
the subject matter	the subject matter	is as adult as you can get	is as adult as you can get	such a premise	the execution of these twists	the testimony of witnesses
the subject matter	the subject matter	is as adult as you can get	is as adult as you can get	uses water as a metaphor for subconscious desire	takes on life's urgent questions	is no cinematic sin
the real horror	the real horror	may be waiting for us at home	may be waiting for us at home	the most undeserving victim	the typical problems	all the dysfunctional family dynamics
the real horror	the real horror	may be waiting for us at home	may be waiting for us at home	hidden in the film's thick shadows	evincing the hollow state of modern love life	going on over our heads
the same ideas	the same ideas	repeated in films over and over again	repeated in films over and over again	the additional storyline	the addition of a biblical message	this noble warlord
the same ideas	the same ideas	repeated in films over and over again	repeated in films over and over again	may be overstating it	are so graphically excessive	seem goofy rather than provocative
a realistic atmosphere	a realistic atmosphere	that involves us in the unfolding crisis	that involves us in the unfolding crisis	their consistently sensitive and often exciting treatment	a pretty convincing performance	a soothing formula
a realistic atmosphere	a realistic atmosphere	that involves us in the unfolding crisis	that involves us in the unfolding crisis	that holds society in place	that accompanies this human condition	that takes time to enjoy
an amazing performance	an amazing performance	that dwarfs everything else in the film	that dwarfs everything else in the film	a wonderous accomplishment	a great actress	a visually masterful work
an amazing performance	an amazing performance	that dwarfs everything else in the film	that dwarfs everything else in the film	that set in at this time of year	that was never planned	that accompanies this human condition
the creepy crawlies	the creepy crawlies	hidden in the film 's thick shadows	hidden in the film's thick shadows	the cutthroat world	the only thing	just the vampires
the creepy crawlies	the creepy crawlies	hidden in the film 's thick shadows	hidden in the film's thick shadows	are on display	looking for that exact niche	are pushed to one side
Fans of the animated wildlife adventure show	fans of the animated wildlife adventure show	will be in warthog heaven	will be in warthog heaven	lovers of the book	a video helmer	the preteen girls
Fans of the animated wildlife adventure show	fans of the animated wildlife adventure show	will be in warthog heaven	will be in warthog heaven	are quite admirable	get a fuzzy treat	won't be disappointed
its careful pace and seemingly opaque story	its careful pace and seemingly opaque story	may not satisfy every moviegoer 's appetite	may not satisfy every moviegoer's appetite	the emotional development	all the scenic appeal	the filmmaker's lifelong concern
its careful pace and seemingly opaque story	its careful pace and seemingly opaque story	may not satisfy every moviegoer 's appetite	may not satisfy every moviegoer's appetite	does not live up to its style	are nothing special	seem contrived and secondhand
a few of the characters	a few of the characters	act in ways that real people would n't	act in ways that real people wouldn't	these novelistic stories	main characters	the television series
a few of the characters	a few of the characters	act in ways that real people would n't	act in ways that real people wouldn't	may be shallow	are certainly not earthshaking	can also seem tedious
The problems and characters it reveals	the problems and characters it reveals	are universal and involving	are universal and involving	all the dysfunctional family dynamics	the film's few ideas	the most conservative protagonists
The problems and characters it reveals	the problems and characters it reveals	are universal and involving	are universal and involving	can be fertile sources of humor	are utterly convincing	make it strangely magnetic
the message of our close ties with animals	the message of our close ties with animals	can certainly not be emphasized enough	can certainly not be emphasized enough	its electronic expression	the film's messages	the same ideas
the message of our close ties with animals	the message of our close ties with animals	can certainly not be emphasized enough	can certainly not be emphasized enough	would be an understatement	should be measured	doesn't just slip
The film 's messages of tolerance and diversity	the film's messages of tolerance and diversity	are n't particularly original	aren't particularly original	the noble traditions	equally gentle sentiments	the filmmaker's lifelong concerns
The film 's messages of tolerance and diversity	the film's messages of tolerance and diversity	are n't particularly original	aren't particularly original	make you nervous	are too obvious	are too manipulative
The experience of going to a film festival	the experience of going to a film festival	is a rewarding one	is a rewarding one	the catalytic effect	almost any horror film	the execution of these twists
The experience of going to a film festival	the experience of going to a film festival	is a rewarding one	is a rewarding one	was actually surprising	is utterly convincing	brings them to life
